Variant,Number of page views,GMV (in $),Number of add to cart,Clicks on media,Time on Page (sec),user_id
A,5,0.0,0,2,74,0
A,4,0.0,4,1,21,1
A,4,0.0,2,0,1,2
A,5,0.0,0,1,26,3
A,5,0.0,3,3,46,4
A,3,0.0,1,1,31,5
A,5,0.0,2,1,18,6
A,4,0.0,2,0,22,7
A,6,0.0,0,2,91,8
A,7,0.0,2,3,2,9
A,2,0.0,5,1,22,10
A,5,0.0,2,1,7,11
A,5,0.0,3,1,20,12
A,6,0.0,0,2,19,13
A,4,0.0,2,0,4,14
A,6,0.0,1,4,5,15
A,6,0.0,3,2,19,16
A,1,0.0,2,0,3,17
A,7,0.0,1,2,7,18
A,2,0.0,2,1,36,19
A,11,121.72,1,2,8,20
A,4,0.0,2,1,14,21
A,3,80.0,5,1,56,22
A,8,0.0,3,2,6,23
A,3,0.0,4,2,10,24
A,3,0.0,2,0,19,25
A,5,0.0,2,2,28,26
A,8,0.0,0,1,46,27
A,3,0.0,2,0,49,28
A,2,0.0,1,1,30,29
A,5,97.65,1,2,6,30
A,3,0.0,2,1,1,31
A,8,0.0,3,1,10,32
A,10,0.0,1,3,3,33
A,3,0.0,2,1,25,34
A,2,0.0,1,2,22,35
A,5,0.0,2,4,1,36
A,7,0.0,1,2,36,37
A,6,0.0,1,2,6,38
A,6,0.0,3,2,12,39
A,2,0.0,3,1,22,40
A,4,0.0,1,0,11,41
A,9,0.0,0,2,12,42
A,7,0.0,3,0,2,43
A,11,0.0,3,1,11,44
A,8,0.0,3,1,29,45
A,3,0.0,0,1,49,46
A,2,0.0,0,1,11,47
A,3,0.0,0,1,11,48
A,4,0.0,4,1,24,49
A,5,125.47,1,0,56,50
A,5,0.0,3,2,7,51
A,4,0.0,0,1,12,52
A,3,0.0,0,1,31,53
A,8,0.0,4,5,19,54
A,2,0.0,1,0,3,55
A,1,0.0,2,0,20,56
A,4,0.0,4,1,5,57
A,5,0.0,1,3,14,58
A,4,0.0,0,2,15,59
A,3,0.0,1,2,41,60
A,4,0.0,2,1,13,61
A,8,0.0,1,6,7,62
A,2,0.0,1,0,6,63
A,2,98.22,1,0,41,64
A,2,0.0,3,1,4,65
A,7,0.0,1,4,11,66
A,6,0.0,1,0,5,67
A,7,71.68,3,1,29,68
A,6,0.0,1,0,13,69
A,7,0.0,2,1,9,70
A,6,0.0,0,1,9,71
A,4,0.0,1,3,38,72
A,2,0.0,3,1,16,73
A,3,0.0,1,1,25,74
A,4,0.0,4,2,45,75
A,7,0.0,2,2,46,76
A,4,0.0,0,2,8,77
A,3,0.0,4,1,60,78
A,2,0.0,2,0,1,79
A,6,0.0,1,2,10,80
A,3,0.0,1,1,45,81
A,5,0.0,2,2,7,82
A,9,0.0,1,6,7,83
A,6,0.0,2,1,8,84
A,6,0.0,2,3,19,85
A,9,0.0,1,1,12,86
A,4,0.0,1,2,26,87
A,9,0.0,5,2,44,88
A,2,0.0,1,0,22,89
A,10,0.0,6,2,5,90
A,6,0.0,4,2,53,91
A,9,0.0,2,1,6,92
A,4,0.0,1,3,4,93
A,1,0.0,1,0,2,94
A,6,0.0,3,4,17,95
A,8,0.0,2,3,3,96
A,6,0.0,1,1,3,97
A,2,0.0,4,0,7,98
A,3,0.0,2,1,7,99
A,5,0.0,1,2,19,100
A,3,0.0,3,1,34,101
A,3,0.0,2,1,28,102
A,5,0.0,4,1,6,103
A,6,0.0,4,5,6,104
A,5,0.0,1,1,66,105
A,3,0.0,4,1,1,106
A,5,0.0,0,1,42,107
A,3,92.31,3,1,5,108
A,3,0.0,3,1,58,109
A,6,0.0,2,1,9,110
A,5,0.0,3,0,12,111
A,6,0.0,1,0,24,112
A,2,0.0,4,0,18,113
A,4,0.0,3,1,8,114
A,7,0.0,0,5,16,115
A,6,0.0,2,2,26,116
A,5,0.0,1,1,1,117
A,4,0.0,0,2,1,118
A,3,0.0,3,1,12,119
A,3,102.98,1,1,3,120
A,7,130.64,1,1,22,121
A,7,0.0,1,2,5,122
A,6,0.0,4,4,12,123
A,6,0.0,3,2,5,124
A,7,0.0,0,2,16,125
A,8,0.0,1,3,3,126
A,6,0.0,4,3,1,127
A,3,0.0,2,0,2,128
A,7,0.0,1,2,61,129
A,5,0.0,2,3,3,130
A,5,0.0,1,1,25,131
A,7,0.0,3,3,2,132
A,4,0.0,3,1,3,133
A,9,0.0,6,3,14,134
A,4,0.0,1,1,13,135
A,5,0.0,3,1,60,136
A,2,0.0,1,1,57,137
A,6,0.0,4,1,30,138
A,3,0.0,2,1,18,139
A,6,0.0,3,1,12,140
A,2,0.0,1,0,9,141
A,3,0.0,2,2,58,142
A,5,0.0,2,1,19,143
A,3,0.0,2,2,17,144
A,4,0.0,1,0,6,145
A,5,0.0,4,2,1,146
A,6,0.0,1,1,57,147
A,3,0.0,1,2,8,148
A,3,86.06,2,1,12,149
A,4,0.0,2,0,3,150
A,5,0.0,5,3,36,151
A,4,0.0,0,0,1,152
A,2,0.0,0,1,36,153
A,6,0.0,2,4,3,154
A,6,0.0,1,3,43,155
A,8,0.0,4,5,26,156
A,1,0.0,4,0,4,157
A,6,0.0,2,0,17,158
A,2,0.0,1,0,8,159
A,5,0.0,1,1,4,160
A,2,0.0,4,1,39,161
A,6,0.0,1,1,11,162
A,4,83.07,8,2,10,163
A,3,0.0,0,0,4,164
A,5,0.0,1,1,10,165
A,6,0.0,3,2,41,166
A,3,0.0,1,1,9,167
A,4,0.0,3,2,60,168
A,8,99.65,2,1,58,169
A,4,0.0,2,2,4,170
A,10,0.0,1,1,4,171
A,4,0.0,2,0,39,172
A,5,0.0,0,2,10,173
A,10,0.0,1,5,1,174
A,3,0.0,0,0,7,175
A,4,99.42,5,1,18,176
A,7,0.0,4,2,32,177
A,5,0.0,3,1,3,178
A,10,0.0,1,4,3,179
A,4,0.0,2,2,50,180
A,2,73.63,1,0,28,181
A,3,0.0,4,1,18,182
A,5,0.0,1,2,29,183
A,8,0.0,0,2,11,184
A,4,0.0,3,1,28,185
A,3,0.0,1,0,10,186
A,8,0.0,3,3,6,187
A,6,0.0,0,1,26,188
A,8,0.0,2,4,11,189
A,3,0.0,2,1,78,190
A,3,0.0,1,0,9,191
A,5,0.0,3,3,50,192
A,11,0.0,3,1,53,193
A,7,0.0,1,2,6,194
A,4,0.0,1,1,32,195
A,3,0.0,3,0,12,196
A,8,0.0,1,4,49,197
A,8,0.0,0,3,12,198
A,3,0.0,1,0,27,199
A,3,0.0,3,1,13,200
A,6,0.0,4,2,6,201
A,2,0.0,2,1,5,202
A,7,0.0,0,1,11,203
A,5,0.0,2,2,28,204
A,5,0.0,1,1,19,205
A,6,0.0,3,2,23,206
A,1,0.0,2,0,7,207
A,10,115.1,2,2,13,208
A,2,0.0,2,1,1,209
A,5,0.0,0,1,34,210
A,4,0.0,3,3,90,211
A,5,0.0,2,1,11,212
A,4,0.0,0,2,1,213
A,5,0.0,2,3,4,214
A,6,0.0,2,2,21,215
A,1,0.0,2,1,19,216
A,3,0.0,2,2,31,217
A,2,0.0,3,0,6,218
A,5,88.56,1,2,29,219
A,4,0.0,2,0,23,220
A,7,0.0,2,2,8,221
A,7,0.0,3,1,16,222
A,2,0.0,2,1,4,223
A,6,0.0,4,2,12,224
A,7,0.0,2,2,42,225
A,2,0.0,1,0,11,226
A,7,0.0,1,6,36,227
A,5,0.0,0,0,18,228
A,7,0.0,2,0,5,229
A,6,0.0,4,1,17,230
A,5,101.39,1,4,14,231
A,6,0.0,0,4,10,232
A,5,0.0,2,2,3,233
A,4,0.0,0,2,11,234
A,7,0.0,0,1,2,235
A,1,0.0,3,1,3,236
A,8,0.0,2,1,11,237
A,4,85.63,3,0,8,238
A,5,112.65,1,0,51,239
A,3,0.0,1,1,10,240
A,7,0.0,2,3,28,241
A,2,0.0,4,0,15,242
A,5,0.0,3,4,24,243
A,10,0.0,1,3,6,244
A,7,0.0,4,1,56,245
A,7,112.27,1,2,15,246
A,10,0.0,3,4,35,247
A,1,0.0,1,1,9,248
A,5,0.0,1,1,3,249
A,3,84.42,2,1,22,250
A,8,0.0,3,2,1,251
A,7,0.0,1,2,13,252
A,3,0.0,3,3,5,253
A,1,0.0,2,0,20,254
A,5,0.0,2,3,76,255
A,3,0.0,2,1,13,256
A,6,0.0,0,1,34,257
A,3,0.0,5,2,14,258
A,4,0.0,2,1,14,259
A,5,0.0,2,1,52,260
A,8,0.0,0,1,44,261
A,7,0.0,4,1,31,262
A,5,111.33,1,2,7,263
A,4,0.0,1,1,16,264
A,6,0.0,5,3,5,265
A,8,0.0,0,1,12,266
A,4,0.0,2,0,13,267
A,3,0.0,1,0,35,268
A,2,0.0,3,1,45,269
A,3,0.0,2,3,11,270
A,9,0.0,5,3,1,271
A,5,0.0,3,1,39,272
A,4,0.0,2,2,4,273
A,7,0.0,2,3,19,274
A,8,0.0,1,0,1,275
A,4,0.0,0,2,10,276
A,4,70.31,1,1,84,277
A,8,0.0,3,1,3,278
A,5,0.0,1,1,11,279
A,5,0.0,1,1,8,280
A,6,0.0,0,2,46,281
A,7,0.0,2,1,40,282
A,2,0.0,3,0,6,283
A,1,0.0,4,1,2,284
A,7,100.08,2,5,20,285
A,5,0.0,3,2,8,286
A,4,0.0,3,1,22,287
A,4,0.0,2,1,1,288
A,3,0.0,3,0,3,289
A,8,0.0,0,1,23,290
A,7,0.0,2,2,5,291
A,1,0.0,2,0,38,292
A,2,0.0,4,1,2,293
A,4,0.0,2,2,5,294
A,6,0.0,2,1,128,295
A,4,0.0,2,1,12,296
A,6,0.0,2,2,24,297
A,8,0.0,1,2,4,298
A,7,0.0,2,1,19,299
A,5,0.0,3,1,26,300
A,2,0.0,1,0,8,301
A,1,0.0,3,0,35,302
A,7,0.0,3,3,19,303
A,4,0.0,1,2,10,304
A,1,0.0,1,0,16,305
A,6,0.0,4,0,17,306
A,5,0.0,2,2,4,307
A,8,0.0,1,1,11,308
A,5,83.84,1,1,9,309
A,4,0.0,0,0,10,310
A,10,76.83,2,2,28,311
A,7,0.0,3,3,13,312
A,4,140.5,2,2,55,313
A,8,0.0,1,1,7,314
A,5,0.0,1,1,11,315
A,5,0.0,4,0,31,316
A,5,0.0,1,0,16,317
A,2,109.36,1,2,16,318
A,3,0.0,3,1,2,319
A,4,0.0,1,1,10,320
A,9,96.38,1,4,7,321
A,0,0.0,0,0,143,322
A,5,0.0,2,2,8,323
A,5,0.0,2,0,43,324
A,5,152.61,2,1,22,325
A,5,0.0,2,2,9,326
A,4,0.0,3,1,16,327
A,9,0.0,3,6,36,328
A,6,0.0,5,2,42,329
A,2,0.0,1,2,4,330
A,6,70.36,3,1,9,331
A,6,98.98,1,3,8,332
A,6,0.0,0,1,1,333
A,5,0.0,2,4,18,334
A,2,0.0,3,0,38,335
A,5,0.0,1,1,10,336
A,3,0.0,4,2,27,337
A,3,82.4,1,1,20,338
A,3,0.0,0,1,10,339
A,6,0.0,2,4,3,340
A,6,0.0,0,2,25,341
A,4,0.0,4,1,38,342
A,5,0.0,1,0,23,343
A,5,0.0,2,3,1,344
A,7,0.0,1,3,5,345
A,5,111.1,1,1,2,346
A,3,0.0,1,0,17,347
A,4,0.0,2,1,28,348
A,7,0.0,1,0,3,349
A,5,0.0,2,0,36,350
A,7,0.0,3,2,16,351
A,8,0.0,4,1,23,352
A,7,91.51,2,1,70,353
A,5,0.0,2,2,2,354
A,8,0.0,3,0,46,355
A,4,0.0,3,1,3,356
A,6,0.0,2,1,10,357
A,8,0.0,3,3,38,358
A,6,0.0,1,2,47,359
A,3,0.0,4,1,14,360
A,8,0.0,0,1,18,361
A,4,0.0,5,0,25,362
A,7,0.0,2,0,35,363
A,2,0.0,1,0,3,364
A,10,0.0,1,5,33,365
A,6,67.52,1,1,13,366
A,4,0.0,2,1,12,367
A,5,0.0,1,0,11,368
A,6,0.0,4,2,14,369
A,4,0.0,3,2,57,370
A,5,0.0,0,2,16,371
A,6,0.0,2,3,60,372
A,3,0.0,0,1,4,373
A,7,0.0,0,1,26,374
A,7,0.0,2,1,33,375
A,8,0.0,3,3,23,376
A,4,0.0,2,1,19,377
A,7,0.0,2,2,17,378
A,3,0.0,1,1,39,379
A,4,0.0,0,1,34,380
A,4,0.0,2,2,3,381
A,0,0.0,0,0,37,382
A,1,0.0,3,1,11,383
A,1,0.0,3,0,6,384
A,7,0.0,3,3,40,385
A,5,0.0,0,3,12,386
A,5,0.0,1,1,33,387
A,8,0.0,2,3,6,388
A,3,0.0,1,1,1,389
A,5,0.0,4,0,14,390
A,3,0.0,0,1,3,391
A,5,0.0,1,0,28,392
A,1,0.0,4,1,7,393
A,7,0.0,1,3,12,394
A,2,0.0,2,0,2,395
A,4,0.0,4,0,7,396
A,6,0.0,2,2,30,397
A,7,0.0,3,2,4,398
A,9,0.0,1,0,21,399
A,4,0.0,2,1,49,400
A,1,0.0,1,0,23,401
A,4,106.0,3,0,33,402
A,6,0.0,3,3,3,403
A,3,0.0,1,2,6,404
A,4,0.0,3,2,44,405
A,2,0.0,3,1,25,406
A,6,0.0,3,1,20,407
A,8,0.0,2,2,22,408
A,7,0.0,0,1,11,409
A,2,0.0,4,1,1,410
A,6,0.0,1,4,30,411
A,9,0.0,2,3,23,412
A,3,0.0,2,2,13,413
A,8,0.0,1,3,45,414
A,7,118.3,2,2,8,415
A,6,94.89,6,2,7,416
A,10,0.0,0,1,41,417
A,5,0.0,4,0,32,418
A,5,86.52,2,2,15,419
A,5,0.0,1,1,3,420
A,5,0.0,2,2,5,421
A,4,0.0,4,1,21,422
A,10,0.0,1,2,10,423
A,3,0.0,2,1,36,424
A,2,0.0,2,0,59,425
A,6,0.0,5,1,32,426
A,4,0.0,1,2,10,427
A,4,0.0,0,1,31,428
A,8,0.0,2,3,9,429
A,5,0.0,1,3,4,430
A,4,0.0,0,2,1,431
A,7,0.0,1,4,10,432
A,4,0.0,1,1,46,433
A,2,0.0,2,0,6,434
A,2,0.0,2,0,5,435
A,3,0.0,2,0,69,436
A,3,0.0,0,2,1,437
A,8,0.0,3,3,31,438
A,6,0.0,1,0,8,439
A,0,0.0,0,0,1,440
A,8,0.0,3,1,49,441
A,5,0.0,1,2,3,442
A,4,0.0,0,2,16,443
A,5,0.0,1,3,7,444
A,7,0.0,2,4,2,445
A,6,152.08,2,1,1,446
A,3,0.0,1,0,3,447
A,4,0.0,1,1,2,448
A,2,0.0,4,0,28,449
A,4,0.0,3,2,13,450
A,1,0.0,0,0,9,451
A,9,0.0,1,4,11,452
A,3,0.0,3,1,52,453
A,1,0.0,3,0,48,454
A,5,0.0,1,0,25,455
A,4,0.0,2,1,43,456
A,6,0.0,3,2,8,457
A,5,120.71,1,1,10,458
A,8,0.0,0,3,19,459
A,5,0.0,2,2,20,460
A,7,0.0,3,2,13,461
A,4,0.0,2,2,10,462
A,1,0.0,3,0,84,463
A,5,0.0,0,2,34,464
A,4,0.0,2,2,12,465
A,3,102.17,4,3,26,466
A,2,0.0,4,0,7,467
A,12,0.0,2,3,3,468
A,5,0.0,2,0,9,469
A,10,0.0,1,2,11,470
A,6,0.0,1,2,1,471
A,1,0.0,0,1,33,472
A,6,0.0,2,1,9,473
A,2,0.0,0,0,17,474
A,4,0.0,1,1,2,475
A,5,0.0,3,1,4,476
A,8,0.0,0,2,43,477
A,4,0.0,2,0,19,478
A,2,0.0,1,1,59,479
A,1,0.0,2,0,131,480
A,8,0.0,0,2,10,481
A,8,0.0,2,3,7,482
A,4,0.0,1,1,39,483
A,1,0.0,3,0,129,484
A,9,0.0,3,3,20,485
A,4,0.0,2,2,31,486
A,2,0.0,2,0,30,487
A,4,0.0,2,1,9,488
A,3,0.0,0,2,17,489
A,8,0.0,2,3,35,490
A,9,0.0,2,2,23,491
A,4,0.0,1,0,1,492
A,4,0.0,3,0,9,493
A,5,0.0,1,0,4,494
A,11,0.0,1,4,6,495
A,8,0.0,2,0,46,496
A,6,0.0,1,1,1,497
A,2,0.0,1,1,5,498
A,8,0.0,0,2,8,499
A,7,0.0,3,3,19,500
A,6,0.0,2,3,15,501
A,5,0.0,2,1,5,502
A,3,0.0,4,1,4,503
A,5,0.0,1,2,6,504
A,3,0.0,3,1,14,505
A,3,0.0,2,0,7,506
A,7,97.8,2,2,58,507
A,4,0.0,1,3,13,508
A,4,0.0,3,1,2,509
A,6,0.0,1,1,26,510
A,6,76.23,2,2,8,511
A,3,128.87,1,1,21,512
A,4,0.0,3,1,7,513
A,6,0.0,3,2,17,514
A,6,0.0,1,2,29,515
A,6,0.0,2,3,52,516
A,6,0.0,0,2,6,517
A,3,0.0,2,1,8,518
A,5,0.0,2,0,13,519
A,2,0.0,0,1,52,520
A,5,0.0,3,3,46,521
A,3,0.0,4,0,2,522
A,3,0.0,0,1,3,523
A,5,0.0,3,1,14,524
A,11,0.0,1,4,3,525
A,7,0.0,2,3,9,526
A,7,0.0,3,1,4,527
A,4,0.0,2,2,20,528
A,1,0.0,0,0,59,529
A,4,0.0,0,2,112,530
A,5,0.0,1,1,10,531
A,4,0.0,4,1,18,532
A,4,0.0,1,0,38,533
A,7,0.0,0,1,3,534
A,6,0.0,2,2,23,535
A,8,0.0,0,2,11,536
A,4,0.0,3,0,5,537
A,3,0.0,3,0,11,538
A,0,0.0,0,0,2,539
A,4,0.0,4,2,24,540
A,1,0.0,0,1,6,541
A,4,0.0,4,0,8,542
A,3,0.0,1,1,3,543
A,5,0.0,2,0,39,544
A,6,91.63,1,3,14,545
A,6,0.0,1,3,17,546
A,4,0.0,4,2,17,547
A,4,0.0,0,3,11,548
A,5,0.0,0,2,5,549
A,1,0.0,3,1,27,550
A,9,0.0,1,3,3,551
A,7,0.0,2,1,3,552
A,5,0.0,1,1,25,553
A,4,0.0,2,1,5,554
A,5,0.0,3,2,8,555
A,4,0.0,3,0,13,556
A,1,0.0,1,0,12,557
A,3,0.0,1,1,25,558
A,7,0.0,1,1,20,559
A,6,0.0,2,2,21,560
A,10,0.0,2,5,25,561
A,4,0.0,4,2,7,562
A,5,0.0,4,2,8,563
A,6,0.0,4,2,12,564
A,6,0.0,2,2,8,565
A,8,0.0,2,1,82,566
A,4,0.0,0,2,33,567
A,3,0.0,2,0,4,568
A,3,0.0,1,0,1,569
A,9,0.0,2,4,1,570
A,7,0.0,2,1,6,571
A,2,0.0,1,0,3,572
A,2,0.0,5,0,15,573
A,4,0.0,1,0,39,574
A,6,0.0,3,1,27,575
A,9,0.0,2,1,5,576
A,11,0.0,3,4,10,577
A,4,0.0,4,2,14,578
A,7,0.0,1,2,33,579
A,7,0.0,0,4,36,580
A,3,0.0,4,0,47,581
A,7,0.0,3,1,14,582
A,5,0.0,1,0,24,583
A,2,0.0,2,1,3,584
A,9,0.0,4,2,17,585
A,6,109.9,3,2,6,586
A,3,67.72,1,1,12,587
A,6,0.0,0,2,20,588
A,3,0.0,4,1,6,589
A,2,0.0,1,2,2,590
A,8,0.0,1,2,1,591
A,4,0.0,3,1,1,592
A,5,0.0,3,2,1,593
A,4,0.0,2,1,3,594
A,3,0.0,0,0,6,595
A,4,0.0,3,1,5,596
A,3,114.15,1,1,85,597
A,11,0.0,1,3,8,598
A,6,0.0,2,1,3,599
A,5,0.0,1,3,16,600
A,5,0.0,1,2,39,601
A,5,0.0,2,1,23,602
A,3,0.0,1,1,7,603
A,6,0.0,3,3,17,604
A,4,0.0,1,0,25,605
A,5,0.0,1,1,26,606
A,3,0.0,4,1,22,607
A,7,0.0,1,3,40,608
A,3,0.0,3,0,40,609
A,6,0.0,1,4,17,610
A,7,0.0,0,2,11,611
A,1,0.0,3,0,21,612
A,6,0.0,1,1,34,613
A,4,0.0,0,0,1,614
A,2,0.0,3,1,95,615
A,2,0.0,1,2,4,616
A,5,0.0,1,1,13,617
A,5,0.0,4,3,41,618
A,3,81.45,2,2,5,619
A,5,0.0,3,1,13,620
A,11,0.0,2,4,3,621
A,2,0.0,1,0,10,622
A,6,0.0,0,2,4,623
A,5,77.11,2,0,9,624
A,3,0.0,0,1,10,625
A,4,0.0,3,0,98,626
A,10,0.0,1,4,103,627
A,1,0.0,0,1,3,628
A,8,0.0,1,1,26,629
A,3,0.0,1,0,2,630
A,5,0.0,4,1,1,631
A,4,0.0,3,1,3,632
A,11,0.0,3,2,66,633
A,3,0.0,1,1,56,634
A,4,0.0,2,1,5,635
A,3,0.0,3,0,4,636
A,3,0.0,3,0,6,637
A,8,0.0,4,1,15,638
A,1,0.0,0,1,17,639
A,5,0.0,0,3,5,640
A,7,0.0,3,2,28,641
A,3,0.0,2,1,8,642
A,7,73.2,1,1,50,643
A,5,0.0,1,2,21,644
A,7,0.0,1,1,12,645
A,5,0.0,3,2,31,646
A,7,0.0,1,4,34,647
A,5,0.0,0,1,7,648
A,4,111.98,1,2,9,649
A,5,68.22,5,0,54,650
A,11,0.0,1,3,4,651
A,7,0.0,0,1,1,652
A,6,0.0,3,1,12,653
A,3,0.0,2,0,32,654
A,0,0.0,0,0,29,655
A,10,0.0,1,3,50,656
A,5,0.0,4,1,15,657
A,5,0.0,1,2,3,658
A,3,0.0,2,2,18,659
A,4,0.0,2,1,30,660
A,2,0.0,1,0,2,661
A,2,0.0,4,0,4,662
A,7,0.0,1,3,1,663
A,3,0.0,0,1,18,664
A,1,0.0,2,0,43,665
A,3,0.0,0,0,22,666
A,7,0.0,3,2,79,667
A,5,0.0,0,1,2,668
A,5,0.0,5,3,46,669
A,4,80.58,3,2,33,670
A,5,0.0,1,0,8,671
A,5,78.27,2,1,71,672
A,3,0.0,2,0,7,673
A,3,0.0,2,1,43,674
A,6,0.0,1,3,42,675
A,6,0.0,4,2,28,676
A,4,0.0,1,1,17,677
A,9,0.0,4,2,3,678
A,6,0.0,0,3,15,679
A,5,0.0,2,2,9,680
A,5,0.0,2,1,31,681
A,4,0.0,1,0,28,682
A,10,0.0,4,2,48,683
A,6,0.0,2,4,1,684
A,2,0.0,4,1,33,685
A,4,0.0,2,1,55,686
A,3,0.0,3,1,31,687
A,2,0.0,3,1,3,688
A,5,0.0,1,1,2,689
A,6,0.0,0,1,1,690
A,5,0.0,1,2,20,691
A,10,0.0,2,4,20,692
A,5,0.0,2,2,85,693
A,5,0.0,4,3,10,694
A,4,0.0,1,1,8,695
A,4,0.0,3,0,20,696
A,3,0.0,4,2,35,697
A,6,0.0,4,2,54,698
A,4,0.0,1,1,32,699
A,2,0.0,2,1,11,700
A,9,0.0,3,3,20,701
A,5,0.0,0,1,38,702
A,9,0.0,1,4,14,703
A,5,0.0,2,2,5,704
A,5,65.29,3,2,4,705
A,1,0.0,2,0,1,706
A,5,0.0,1,0,25,707
A,8,0.0,1,1,3,708
A,6,0.0,0,1,6,709
A,2,0.0,2,0,7,710
A,5,0.0,2,3,17,711
A,5,0.0,1,2,10,712
A,4,0.0,2,2,22,713
A,6,0.0,3,2,2,714
A,5,0.0,2,0,3,715
A,6,0.0,2,4,14,716
A,5,0.0,3,1,9,717
A,4,0.0,2,0,7,718
A,7,0.0,2,2,2,719
A,5,0.0,1,3,45,720
A,7,0.0,4,4,23,721
A,6,0.0,5,0,3,722
A,4,0.0,1,2,2,723
A,8,0.0,1,2,72,724
A,4,0.0,4,0,23,725
A,3,0.0,2,2,11,726
A,5,0.0,4,3,24,727
A,10,0.0,3,3,28,728
A,6,0.0,2,2,30,729
A,4,0.0,2,2,13,730
A,3,0.0,0,2,11,731
A,3,0.0,2,2,1,732
A,5,0.0,0,2,51,733
A,2,0.0,4,2,19,734
A,6,66.2,3,5,5,735
A,2,0.0,3,0,50,736
A,5,0.0,0,3,49,737
A,2,106.1,4,1,89,738
A,6,0.0,2,1,41,739
A,3,0.0,1,1,120,740
A,5,0.0,1,0,6,741
A,2,0.0,3,1,37,742
A,6,0.0,2,3,34,743
A,6,0.0,1,1,6,744
A,7,0.0,2,2,3,745
A,6,0.0,1,4,76,746
A,6,0.0,2,2,7,747
A,4,0.0,3,1,40,748
A,4,0.0,2,1,1,749
A,7,0.0,1,2,1,750
A,5,0.0,0,2,13,751
A,5,0.0,0,2,6,752
A,8,0.0,1,2,23,753
A,4,0.0,2,2,17,754
A,2,0.0,2,1,2,755
A,3,0.0,2,0,4,756
A,4,94.18,1,2,10,757
A,6,0.0,1,2,5,758
A,9,0.0,2,3,31,759
A,3,0.0,0,0,11,760
A,5,0.0,1,1,2,761
A,3,0.0,3,0,13,762
A,2,0.0,0,0,2,763
A,4,0.0,0,2,3,764
A,9,0.0,1,0,6,765
A,4,0.0,1,2,39,766
A,5,0.0,0,1,51,767
A,8,0.0,2,2,35,768
A,8,0.0,2,2,8,769
A,5,0.0,2,1,7,770
A,3,0.0,0,2,16,771
A,9,0.0,3,1,25,772
A,2,0.0,0,0,98,773
A,8,0.0,2,4,3,774
A,7,0.0,3,2,1,775
A,6,0.0,4,1,24,776
A,9,112.47,2,2,35,777
A,3,0.0,2,1,37,778
A,6,0.0,1,4,23,779
A,7,0.0,4,4,61,780
A,7,0.0,3,2,14,781
A,5,0.0,3,5,48,782
A,5,0.0,2,0,67,783
A,1,0.0,1,0,37,784
A,7,0.0,3,3,8,785
A,4,0.0,1,0,5,786
A,7,0.0,0,0,16,787
A,5,0.0,3,1,12,788
A,5,0.0,2,1,41,789
A,3,0.0,3,1,3,790
A,5,0.0,3,2,6,791
A,5,0.0,0,1,28,792
A,4,0.0,3,1,2,793
A,3,0.0,2,2,8,794
A,3,0.0,2,2,10,795
A,5,0.0,3,1,19,796
A,10,50.11,1,6,4,797
A,2,0.0,1,1,39,798
A,5,0.0,2,0,12,799
A,3,0.0,1,0,49,800
A,4,0.0,0,0,13,801
A,6,0.0,2,2,7,802
A,3,0.0,4,0,3,803
A,4,0.0,2,1,1,804
A,4,0.0,0,0,15,805
A,5,0.0,1,3,3,806
A,8,0.0,5,2,10,807
A,5,0.0,4,3,18,808
A,6,0.0,4,4,7,809
A,3,0.0,4,0,4,810
A,4,64.71,3,1,30,811
A,5,0.0,2,0,58,812
A,6,0.0,1,3,3,813
A,7,0.0,1,2,4,814
A,5,0.0,1,0,63,815
A,2,0.0,0,0,1,816
A,6,0.0,1,1,75,817
A,4,0.0,4,3,1,818
A,2,0.0,0,1,41,819
A,4,0.0,1,2,8,820
A,2,0.0,3,0,55,821
A,3,0.0,1,0,8,822
A,4,0.0,2,3,21,823
A,7,0.0,1,0,2,824
A,5,0.0,2,3,6,825
A,5,0.0,3,1,29,826
A,7,0.0,1,0,15,827
A,9,0.0,5,3,52,828
A,7,0.0,5,5,11,829
A,6,0.0,1,4,40,830
A,6,0.0,0,1,12,831
A,9,0.0,1,1,76,832
A,2,0.0,3,1,63,833
A,3,0.0,1,1,8,834
A,9,0.0,0,4,43,835
A,3,0.0,3,0,37,836
A,8,0.0,2,5,5,837
A,5,0.0,0,2,20,838
A,4,0.0,0,2,2,839
A,9,0.0,1,3,36,840
A,2,0.0,2,0,4,841
A,5,0.0,1,4,2,842
A,10,0.0,0,3,10,843
A,5,0.0,3,3,17,844
A,4,0.0,0,3,38,845
A,7,94.01,2,3,72,846
A,3,0.0,1,1,12,847
A,6,0.0,1,0,2,848
A,3,0.0,3,0,27,849
A,3,0.0,2,0,17,850
A,4,0.0,3,0,12,851
A,1,0.0,3,0,8,852
A,2,0.0,5,0,14,853
A,4,0.0,2,1,9,854
A,5,0.0,0,1,28,855
A,8,0.0,1,1,16,856
A,7,0.0,1,0,41,857
A,7,0.0,2,3,16,858
A,2,0.0,3,1,6,859
A,6,0.0,4,2,38,860
A,8,0.0,0,3,16,861
A,6,0.0,1,3,5,862
A,4,0.0,2,1,20,863
A,4,0.0,2,1,9,864
A,4,0.0,3,3,37,865
A,1,0.0,1,1,12,866
A,6,0.0,1,2,26,867
A,8,0.0,2,3,2,868
A,7,0.0,0,1,10,869
A,7,102.97,3,2,80,870
A,6,0.0,3,4,33,871
A,6,0.0,3,2,4,872
A,4,0.0,3,3,7,873
A,3,0.0,2,1,8,874
A,6,0.0,5,5,21,875
A,3,0.0,3,1,28,876
A,10,0.0,1,1,27,877
A,5,111.01,4,2,14,878
A,6,0.0,2,1,33,879
A,6,0.0,2,0,12,880
A,4,0.0,0,2,3,881
A,6,0.0,1,1,17,882
A,5,113.52,2,2,60,883
A,3,101.4,1,0,31,884
A,2,0.0,3,0,17,885
A,3,0.0,5,3,21,886
A,2,0.0,2,0,53,887
A,8,0.0,2,3,11,888
A,7,104.33,2,2,8,889
A,4,0.0,1,1,74,890
A,3,0.0,1,2,39,891
A,3,0.0,3,1,8,892
A,6,0.0,4,1,13,893
A,5,0.0,2,3,11,894
A,1,0.0,4,0,4,895
A,8,0.0,2,2,62,896
A,9,0.0,3,5,11,897
A,4,107.82,2,1,41,898
A,7,0.0,3,3,5,899
A,3,0.0,2,1,16,900
A,7,0.0,3,3,1,901
A,5,0.0,0,3,29,902
A,6,0.0,2,1,17,903
A,8,71.86,2,1,20,904
A,2,0.0,3,0,2,905
A,4,0.0,2,2,5,906
A,9,0.0,0,2,2,907
A,4,0.0,1,0,7,908
A,4,0.0,4,1,20,909
A,3,0.0,2,2,17,910
A,4,0.0,2,2,19,911
A,4,0.0,1,1,16,912
A,6,0.0,2,1,7,913
A,7,0.0,1,2,6,914
A,3,0.0,2,0,3,915
A,6,0.0,1,0,37,916
A,8,114.55,2,4,19,917
A,7,0.0,1,6,5,918
A,3,0.0,3,0,4,919
A,4,51.47,1,0,41,920
A,6,0.0,2,1,27,921
A,8,0.0,1,2,21,922
A,3,0.0,0,0,11,923
A,4,0.0,1,1,6,924
A,3,0.0,2,0,76,925
A,8,0.0,0,3,32,926
A,1,0.0,2,1,8,927
A,3,0.0,2,1,37,928
A,7,0.0,0,2,28,929
A,5,0.0,1,3,7,930
A,9,0.0,2,5,11,931
A,5,0.0,0,1,5,932
A,4,0.0,4,0,3,933
A,5,0.0,4,1,26,934
A,7,59.11,1,1,7,935
A,3,0.0,2,1,34,936
A,6,0.0,3,2,106,937
A,7,0.0,4,2,2,938
A,4,0.0,3,1,13,939
A,4,0.0,1,1,32,940
A,4,0.0,3,3,31,941
A,3,0.0,1,0,28,942
A,4,0.0,1,2,9,943
A,2,0.0,1,0,12,944
A,7,0.0,3,0,18,945
A,6,0.0,0,2,72,946
A,7,0.0,3,1,8,947
A,5,0.0,0,0,51,948
A,4,0.0,2,0,7,949
A,5,0.0,0,2,89,950
A,4,0.0,0,2,22,951
A,7,0.0,0,1,13,952
A,5,0.0,1,2,19,953
A,6,132.01,1,1,7,954
A,5,0.0,3,2,7,955
A,2,0.0,1,0,3,956
A,4,0.0,0,2,3,957
A,4,0.0,3,4,9,958
A,6,0.0,2,4,29,959
A,11,0.0,1,0,19,960
A,6,0.0,1,3,3,961
A,8,108.3,3,1,38,962
A,5,0.0,3,3,18,963
A,3,0.0,1,0,64,964
A,5,0.0,2,1,22,965
A,1,0.0,3,0,4,966
A,8,0.0,2,1,13,967
A,6,0.0,1,2,21,968
A,4,0.0,2,3,1,969
A,7,0.0,1,2,1,970
A,1,0.0,2,1,3,971
A,7,92.71,4,3,6,972
A,3,0.0,1,0,11,973
A,9,0.0,0,1,14,974
A,4,0.0,1,0,3,975
A,2,0.0,4,0,22,976
A,4,0.0,2,1,18,977
A,6,0.0,0,0,7,978
A,2,0.0,1,0,1,979
A,1,0.0,0,0,2,980
A,7,0.0,3,4,10,981
A,7,0.0,1,1,4,982
A,6,79.5,2,2,10,983
A,8,0.0,2,3,20,984
A,7,0.0,3,2,16,985
A,5,0.0,2,0,6,986
A,6,0.0,1,1,9,987
A,6,0.0,4,0,19,988
A,7,122.95,2,2,39,989
A,6,0.0,2,1,28,990
A,3,0.0,1,1,16,991
A,3,0.0,4,1,9,992
A,1,0.0,1,0,9,993
A,5,0.0,3,1,42,994
A,3,0.0,2,1,1,995
A,9,0.0,1,4,87,996
A,8,0.0,1,1,22,997
A,4,0.0,0,2,23,998
A,2,0.0,1,1,1,999
B,3,0.0,2,1,16,1000
B,1,0.0,3,0,6,1001
B,8,0.0,3,2,6,1002
B,6,0.0,0,0,31,1003
B,1,0.0,5,0,68,1004
B,9,0.0,5,5,9,1005
B,3,0.0,3,1,24,1006
B,9,0.0,3,1,7,1007
B,4,0.0,3,1,54,1008
B,3,0.0,2,2,23,1009
B,7,0.0,1,1,34,1010
B,5,0.0,3,1,2,1011
B,6,0.0,3,1,19,1012
B,3,0.0,2,1,16,1013
B,7,0.0,5,3,8,1014
B,6,0.0,5,1,7,1015
B,7,0.0,2,2,18,1016
B,7,0.0,1,2,26,1017
B,3,0.0,1,0,1,1018
B,5,0.0,3,1,18,1019
B,9,0.0,5,2,4,1020
B,5,0.0,2,0,4,1021
B,7,0.0,1,3,21,1022
B,3,0.0,4,0,8,1023
B,6,0.0,6,0,12,1024
B,6,0.0,1,1,10,1025
B,5,0.0,3,0,22,1026
B,6,0.0,3,1,14,1027
B,5,87.91,5,1,68,1028
B,5,0.0,2,2,9,1029
B,5,0.0,0,3,28,1030
B,8,0.0,0,3,7,1031
B,5,0.0,2,0,15,1032
B,3,0.0,4,2,17,1033
B,3,0.0,3,0,9,1034
B,3,0.0,1,1,14,1035
B,8,0.0,4,2,7,1036
B,3,0.0,4,0,1,1037
B,3,0.0,1,2,5,1038
B,11,0.0,1,2,25,1039
B,4,0.0,5,1,31,1040
B,10,0.0,2,1,7,1041
B,8,0.0,3,3,11,1042
B,3,0.0,5,1,1,1043
B,7,0.0,1,1,6,1044
B,5,0.0,0,2,31,1045
B,3,0.0,3,1,20,1046
B,5,0.0,1,1,5,1047
B,6,0.0,5,2,7,1048
B,5,0.0,3,1,35,1049
B,5,0.0,5,0,5,1050
B,3,0.0,3,1,9,1051
B,9,0.0,1,2,23,1052
B,6,0.0,0,1,17,1053
B,7,0.0,0,3,13,1054
B,5,0.0,2,0,48,1055
B,6,0.0,3,1,6,1056
B,6,0.0,3,0,28,1057
B,6,0.0,3,0,4,1058
B,3,0.0,0,0,20,1059
B,5,0.0,2,4,42,1060
B,4,60.58,1,0,13,1061
B,8,0.0,1,2,27,1062
B,4,0.0,0,0,36,1063
B,2,0.0,3,1,3,1064
B,6,0.0,2,4,26,1065
B,4,0.0,2,0,52,1066
B,3,0.0,0,2,18,1067
B,4,0.0,4,4,5,1068
B,6,0.0,2,2,3,1069
B,2,91.78,4,0,7,1070
B,7,0.0,3,2,3,1071
B,4,0.0,6,2,15,1072
B,10,0.0,0,1,2,1073
B,8,0.0,3,2,6,1074
B,6,0.0,3,1,12,1075
B,7,0.0,3,1,14,1076
B,3,100.06,2,2,18,1077
B,4,0.0,4,1,26,1078
B,9,0.0,4,2,1,1079
B,4,0.0,2,1,2,1080
B,5,0.0,2,0,2,1081
B,6,0.0,3,1,12,1082
B,5,0.0,2,1,1,1083
B,3,0.0,2,0,29,1084
B,4,0.0,3,0,6,1085
B,8,0.0,3,0,58,1086
B,6,0.0,2,1,14,1087
B,5,0.0,2,2,13,1088
B,7,0.0,2,3,32,1089
B,2,0.0,4,0,26,1090
B,5,0.0,5,1,20,1091
B,2,0.0,4,1,57,1092
B,4,0.0,4,1,12,1093
B,10,0.0,3,5,34,1094
B,4,0.0,2,2,10,1095
B,4,0.0,6,0,38,1096
B,11,0.0,1,2,7,1097
B,3,0.0,0,0,7,1098
B,4,0.0,2,0,24,1099
B,2,0.0,0,1,5,1100
B,4,0.0,3,2,6,1101
B,4,0.0,5,0,8,1102
B,5,102.6,5,1,24,1103
B,3,0.0,2,1,46,1104
B,9,0.0,2,2,24,1105
B,3,0.0,1,1,37,1106
B,4,0.0,2,2,17,1107
B,5,0.0,4,0,2,1108
B,5,0.0,5,0,3,1109
B,9,0.0,0,0,17,1110
B,4,0.0,1,1,9,1111
B,6,0.0,1,1,6,1112
B,3,0.0,3,1,13,1113
B,8,112.38,1,2,23,1114
B,7,0.0,1,3,10,1115
B,5,0.0,0,1,34,1116
B,9,0.0,3,2,28,1117
B,3,0.0,2,1,28,1118
B,1,0.0,2,1,87,1119
B,7,0.0,2,1,8,1120
B,6,0.0,4,1,22,1121
B,3,0.0,1,1,40,1122
B,10,0.0,5,1,18,1123
B,5,0.0,4,1,32,1124
B,11,0.0,3,2,11,1125
B,2,0.0,1,0,19,1126
B,3,0.0,4,0,2,1127
B,3,0.0,1,1,88,1128
B,2,0.0,4,1,33,1129
B,3,0.0,3,1,42,1130
B,6,0.0,3,4,25,1131
B,6,0.0,3,0,5,1132
B,7,0.0,3,1,1,1133
B,3,0.0,5,1,41,1134
B,5,0.0,0,1,11,1135
B,2,0.0,1,0,7,1136
B,5,0.0,4,0,17,1137
B,5,0.0,4,1,12,1138
B,3,0.0,3,1,22,1139
B,2,0.0,3,0,14,1140
B,3,0.0,2,2,25,1141
B,10,0.0,2,1,40,1142
B,8,0.0,4,5,5,1143
B,5,0.0,2,2,9,1144
B,6,0.0,0,1,12,1145
B,3,0.0,1,1,68,1146
B,13,0.0,5,4,10,1147
B,6,0.0,2,1,10,1148
B,5,0.0,3,1,22,1149
B,3,0.0,0,1,12,1150
B,7,0.0,1,2,62,1151
B,2,0.0,1,0,47,1152
B,6,0.0,2,1,15,1153
B,8,0.0,4,2,22,1154
B,3,89.8,3,1,2,1155
B,8,0.0,0,2,25,1156
B,3,0.0,2,1,26,1157
B,5,0.0,2,2,10,1158
B,6,0.0,5,2,6,1159
B,3,84.12,2,1,51,1160
B,7,0.0,5,2,12,1161
B,5,0.0,2,2,22,1162
B,4,0.0,2,1,1,1163
B,9,0.0,4,0,11,1164
B,4,0.0,4,4,35,1165
B,2,0.0,2,0,11,1166
B,7,0.0,2,1,19,1167
B,1,0.0,5,0,5,1168
B,0,0.0,0,0,12,1169
B,3,0.0,2,1,54,1170
B,10,0.0,1,2,18,1171
B,2,0.0,1,1,48,1172
B,9,0.0,6,1,48,1173
B,3,0.0,3,0,60,1174
B,6,0.0,1,1,47,1175
B,5,0.0,5,1,1,1176
B,3,0.0,2,1,56,1177
B,8,0.0,2,2,4,1178
B,4,0.0,0,1,1,1179
B,5,0.0,2,3,2,1180
B,4,0.0,0,0,9,1181
B,4,0.0,1,1,20,1182
B,3,0.0,3,0,11,1183
B,5,0.0,5,0,1,1184
B,3,0.0,2,0,14,1185
B,7,0.0,0,0,12,1186
B,2,0.0,2,1,29,1187
B,7,104.69,1,2,7,1188
B,4,0.0,2,2,6,1189
B,3,0.0,5,1,7,1190
B,4,0.0,5,1,8,1191
B,9,0.0,0,3,19,1192
B,14,0.0,1,6,14,1193
B,8,0.0,2,0,9,1194
B,1,0.0,1,0,10,1195
B,6,0.0,5,2,10,1196
B,2,0.0,1,2,74,1197
B,4,0.0,1,3,6,1198
B,4,0.0,0,1,35,1199
B,8,0.0,4,1,26,1200
B,7,0.0,1,0,1,1201
B,4,0.0,2,2,103,1202
B,8,0.0,2,2,29,1203
B,6,0.0,4,1,24,1204
B,7,0.0,1,4,11,1205
B,6,0.0,0,0,17,1206
B,8,0.0,1,3,6,1207
B,7,0.0,4,2,1,1208
B,2,0.0,5,0,38,1209
B,2,0.0,2,0,47,1210
B,6,0.0,5,0,4,1211
B,8,0.0,1,2,32,1212
B,4,0.0,2,1,28,1213
B,6,0.0,1,0,5,1214
B,8,0.0,4,5,12,1215
B,6,0.0,3,1,12,1216
B,4,0.0,3,0,30,1217
B,6,0.0,2,1,38,1218
B,6,0.0,7,0,3,1219
B,5,0.0,1,5,17,1220
B,4,0.0,2,0,30,1221
B,4,0.0,5,1,32,1222
B,9,63.02,1,4,4,1223
B,5,0.0,1,2,16,1224
B,7,0.0,3,1,40,1225
B,11,0.0,3,5,8,1226
B,6,0.0,6,2,12,1227
B,8,77.13,2,1,34,1228
B,8,0.0,1,2,2,1229
B,5,0.0,3,3,41,1230
B,6,0.0,3,1,8,1231
B,10,0.0,3,3,1,1232
B,9,0.0,3,5,6,1233
B,5,0.0,2,2,2,1234
B,6,0.0,5,0,2,1235
B,2,0.0,1,0,25,1236
B,4,0.0,3,1,5,1237
B,4,0.0,4,0,56,1238
B,7,0.0,1,4,15,1239
B,3,0.0,4,0,13,1240
B,3,0.0,0,1,12,1241
B,6,0.0,3,2,25,1242
B,3,0.0,3,1,13,1243
B,5,0.0,4,1,3,1244
B,3,0.0,2,0,44,1245
B,8,64.78,4,2,12,1246
B,3,0.0,3,2,2,1247
B,8,0.0,1,3,16,1248
B,5,0.0,3,1,22,1249
B,7,0.0,3,0,7,1250
B,3,0.0,3,1,34,1251
B,5,0.0,2,3,23,1252
B,7,0.0,3,1,22,1253
B,10,0.0,1,3,12,1254
B,7,0.0,2,1,67,1255
B,7,0.0,1,2,7,1256
B,7,0.0,4,3,18,1257
B,5,0.0,5,0,8,1258
B,2,0.0,2,0,28,1259
B,3,0.0,4,0,2,1260
B,9,0.0,4,2,1,1261
B,4,0.0,5,1,35,1262
B,8,0.0,0,0,12,1263
B,10,0.0,0,3,9,1264
B,4,0.0,0,0,20,1265
B,4,133.13,4,1,25,1266
B,5,0.0,3,0,5,1267
B,4,0.0,0,1,5,1268
B,5,82.03,1,2,66,1269
B,6,0.0,2,4,19,1270
B,3,90.74,1,2,11,1271
B,3,0.0,1,0,34,1272
B,5,70.13,7,0,16,1273
B,4,0.0,3,1,6,1274
B,5,0.0,1,1,5,1275
B,8,0.0,0,0,11,1276
B,4,0.0,2,0,41,1277
B,7,0.0,2,2,2,1278
B,4,0.0,1,2,6,1279
B,4,0.0,1,2,46,1280
B,11,91.69,4,1,3,1281
B,7,0.0,2,1,21,1282
B,2,0.0,4,0,5,1283
B,6,0.0,4,1,20,1284
B,11,0.0,0,4,10,1285
B,3,0.0,4,1,3,1286
B,5,0.0,2,1,18,1287
B,4,0.0,1,0,24,1288
B,2,0.0,4,0,24,1289
B,8,0.0,1,4,21,1290
B,3,0.0,3,0,15,1291
B,7,0.0,2,1,16,1292
B,8,0.0,5,3,21,1293
B,5,0.0,2,2,25,1294
B,6,0.0,5,3,22,1295
B,5,0.0,1,1,19,1296
B,2,0.0,2,0,4,1297
B,2,0.0,1,0,5,1298
B,6,0.0,2,3,7,1299
B,4,0.0,1,2,52,1300
B,5,0.0,3,2,30,1301
B,4,0.0,4,0,17,1302
B,6,98.74,3,2,6,1303
B,3,0.0,1,1,3,1304
B,3,80.33,1,0,47,1305
B,4,0.0,0,0,46,1306
B,3,0.0,5,1,3,1307
B,5,0.0,2,1,33,1308
B,4,91.97,1,2,13,1309
B,8,0.0,5,3,9,1310
B,2,0.0,3,0,28,1311
B,10,0.0,2,3,20,1312
B,7,0.0,3,1,32,1313
B,5,0.0,4,1,2,1314
B,4,110.55,1,1,8,1315
B,4,0.0,6,2,8,1316
B,7,0.0,2,2,9,1317
B,4,0.0,2,2,15,1318
B,6,0.0,4,2,7,1319
B,4,0.0,1,1,13,1320
B,6,0.0,4,1,10,1321
B,5,0.0,3,2,28,1322
B,7,0.0,8,0,19,1323
B,6,111.94,4,3,22,1324
B,2,0.0,2,1,5,1325
B,6,0.0,1,1,9,1326
B,4,115.01,1,3,1,1327
B,7,0.0,1,1,3,1328
B,3,0.0,4,2,7,1329
B,8,0.0,2,1,2,1330
B,6,0.0,2,2,19,1331
B,2,0.0,2,0,129,1332
B,7,0.0,5,2,3,1333
B,15,0.0,1,2,36,1334
B,7,0.0,2,1,3,1335
B,6,94.04,2,0,23,1336
B,3,0.0,1,2,22,1337
B,2,0.0,0,0,48,1338
B,5,0.0,2,2,3,1339
B,7,0.0,2,3,8,1340
B,6,0.0,3,3,2,1341
B,4,0.0,5,0,11,1342
B,0,0.0,0,0,50,1343
B,6,0.0,6,1,32,1344
B,9,0.0,3,3,27,1345
B,2,0.0,1,1,16,1346
B,3,0.0,1,0,45,1347
B,0,0.0,0,0,13,1348
B,5,0.0,2,1,4,1349
B,7,0.0,4,1,38,1350
B,7,0.0,4,3,7,1351
B,9,0.0,2,2,2,1352
B,5,0.0,1,3,3,1353
B,6,0.0,6,1,20,1354
B,5,101.9,1,3,20,1355
B,7,103.48,3,2,7,1356
B,7,0.0,2,3,27,1357
B,3,0.0,5,0,31,1358
B,6,0.0,3,2,52,1359
B,6,0.0,3,0,19,1360
B,3,0.0,1,0,31,1361
B,6,0.0,1,2,29,1362
B,8,88.14,6,3,7,1363
B,5,0.0,0,0,8,1364
B,7,0.0,2,2,14,1365
B,5,0.0,1,1,1,1366
B,3,0.0,3,0,8,1367
B,8,0.0,4,2,14,1368
B,6,0.0,4,2,3,1369
B,2,0.0,1,0,3,1370
B,3,0.0,2,1,13,1371
B,8,0.0,5,2,27,1372
B,3,0.0,0,1,37,1373
B,7,0.0,1,1,17,1374
B,5,0.0,3,2,14,1375
B,3,0.0,2,0,10,1376
B,2,0.0,3,0,5,1377
B,9,0.0,5,1,4,1378
B,4,0.0,3,2,33,1379
B,6,94.58,2,2,13,1380
B,7,0.0,1,0,33,1381
B,3,0.0,6,0,25,1382
B,5,0.0,2,1,5,1383
B,4,79.26,1,0,15,1384
B,7,0.0,4,2,13,1385
B,7,0.0,3,2,12,1386
B,9,0.0,2,4,17,1387
B,8,0.0,0,4,83,1388
B,2,0.0,6,1,35,1389
B,9,0.0,1,0,48,1390
B,2,0.0,3,0,1,1391
B,5,70.64,1,1,4,1392
B,4,0.0,4,1,2,1393
B,5,0.0,3,1,7,1394
B,4,0.0,3,3,12,1395
B,8,0.0,1,3,22,1396
B,0,0.0,0,0,15,1397
B,7,0.0,3,1,48,1398
B,4,0.0,6,2,58,1399
B,6,0.0,1,2,4,1400
B,2,0.0,2,0,40,1401
B,4,0.0,4,1,14,1402
B,3,91.03,3,1,13,1403
B,3,100.44,4,1,32,1404
B,4,0.0,0,0,3,1405
B,5,0.0,3,2,44,1406
B,8,0.0,1,2,23,1407
B,8,84.81,1,1,43,1408
B,1,0.0,1,0,107,1409
B,8,0.0,6,3,15,1410
B,1,0.0,2,1,3,1411
B,3,0.0,5,0,4,1412
B,5,0.0,4,4,9,1413
B,7,0.0,3,1,3,1414
B,5,0.0,4,1,35,1415
B,6,0.0,3,2,8,1416
B,3,0.0,3,0,77,1417
B,3,0.0,2,1,25,1418
B,5,0.0,3,2,4,1419
B,4,0.0,1,1,14,1420
B,5,0.0,5,1,13,1421
B,3,0.0,1,0,14,1422
B,5,0.0,1,0,16,1423
B,4,0.0,3,0,1,1424
B,9,0.0,3,5,24,1425
B,2,0.0,3,1,14,1426
B,5,0.0,0,3,33,1427
B,5,0.0,2,0,35,1428
B,2,0.0,1,1,6,1429
B,5,0.0,1,0,2,1430
B,5,0.0,2,2,25,1431
B,5,0.0,4,1,79,1432
B,2,67.87,4,0,13,1433
B,4,98.28,3,1,7,1434
B,4,0.0,0,0,4,1435
B,7,0.0,1,2,7,1436
B,2,0.0,2,1,9,1437
B,3,79.18,5,1,12,1438
B,5,0.0,4,4,22,1439
B,5,0.0,2,1,7,1440
B,6,0.0,4,1,2,1441
B,5,0.0,3,2,10,1442
B,3,0.0,2,1,40,1443
B,2,0.0,3,0,15,1444
B,5,0.0,1,2,69,1445
B,7,0.0,1,0,15,1446
B,5,0.0,0,0,7,1447
B,5,0.0,1,0,5,1448
B,7,0.0,2,0,25,1449
B,7,0.0,4,0,16,1450
B,10,120.36,1,0,19,1451
B,4,0.0,5,1,29,1452
B,4,0.0,2,0,27,1453
B,0,0.0,0,0,1,1454
B,3,0.0,1,1,34,1455
B,4,0.0,3,0,16,1456
B,9,0.0,2,0,11,1457
B,7,0.0,1,1,16,1458
B,7,0.0,1,1,20,1459
B,5,0.0,2,1,4,1460
B,8,94.58,1,2,12,1461
B,7,0.0,0,2,9,1462
B,3,87.95,1,1,9,1463
B,2,0.0,3,1,2,1464
B,2,0.0,3,0,4,1465
B,6,0.0,3,1,4,1466
B,2,0.0,2,0,10,1467
B,10,0.0,3,3,47,1468
B,10,0.0,3,1,5,1469
B,3,0.0,1,1,12,1470
B,3,0.0,1,0,8,1471
B,8,141.27,5,2,32,1472
B,6,0.0,4,3,2,1473
B,7,94.12,4,4,5,1474
B,5,0.0,0,0,5,1475
B,5,0.0,0,1,102,1476
B,9,0.0,2,3,18,1477
B,2,0.0,2,0,4,1478
B,6,0.0,4,1,7,1479
B,5,0.0,3,2,4,1480
B,7,0.0,2,2,3,1481
B,6,0.0,2,4,33,1482
B,8,0.0,1,2,15,1483
B,6,0.0,1,1,21,1484
B,6,0.0,0,2,9,1485
B,5,0.0,2,2,17,1486
B,7,0.0,3,2,7,1487
B,4,0.0,4,1,8,1488
B,2,0.0,0,2,22,1489
B,6,0.0,3,2,4,1490
B,6,0.0,0,1,20,1491
B,4,0.0,2,1,40,1492
B,3,0.0,0,1,3,1493
B,3,0.0,4,0,47,1494
B,10,0.0,1,2,2,1495
B,6,0.0,7,2,9,1496
B,6,0.0,2,1,20,1497
B,4,0.0,1,2,17,1498
B,2,0.0,1,0,3,1499
B,7,0.0,3,4,33,1500
B,6,0.0,1,1,75,1501
B,5,0.0,3,0,5,1502
B,5,0.0,0,1,47,1503
B,8,102.88,4,2,17,1504
B,9,0.0,1,2,57,1505
B,2,0.0,1,0,4,1506
B,6,0.0,1,2,33,1507
B,3,0.0,1,0,2,1508
B,2,0.0,2,1,45,1509
B,5,0.0,2,2,23,1510
B,3,0.0,4,1,10,1511
B,4,0.0,4,1,5,1512
B,5,95.78,3,1,35,1513
B,4,0.0,2,1,19,1514
B,5,97.75,1,2,10,1515
B,2,0.0,5,1,13,1516
B,4,0.0,1,1,36,1517
B,5,0.0,2,0,9,1518
B,7,0.0,1,1,2,1519
B,10,0.0,2,2,50,1520
B,6,0.0,2,2,11,1521
B,7,96.33,4,2,9,1522
B,7,0.0,2,1,5,1523
B,8,0.0,8,2,47,1524
B,2,0.0,2,2,6,1525
B,5,0.0,1,2,21,1526
B,4,99.83,6,0,44,1527
B,4,0.0,2,1,1,1528
B,5,0.0,2,1,37,1529
B,5,0.0,2,2,11,1530
B,7,0.0,0,1,22,1531
B,3,0.0,2,1,10,1532
B,3,0.0,3,1,25,1533
B,6,0.0,4,1,7,1534
B,3,0.0,3,1,1,1535
B,9,0.0,2,0,61,1536
B,8,0.0,0,2,1,1537
B,7,0.0,3,0,36,1538
B,3,0.0,2,0,4,1539
B,6,91.66,3,2,11,1540
B,3,0.0,2,0,36,1541
B,8,0.0,0,1,5,1542
B,10,140.43,2,3,42,1543
B,6,0.0,3,2,15,1544
B,7,0.0,1,0,10,1545
B,2,0.0,4,1,23,1546
B,5,0.0,2,0,9,1547
B,8,0.0,0,1,9,1548
B,7,0.0,3,2,28,1549
B,3,0.0,1,0,8,1550
B,5,0.0,4,4,5,1551
B,7,100.01,5,1,34,1552
B,5,0.0,3,2,34,1553
B,4,80.79,1,2,15,1554
B,7,0.0,1,5,16,1555
B,1,0.0,2,0,25,1556
B,5,0.0,2,2,15,1557
B,1,69.8,2,1,12,1558
B,5,0.0,1,0,109,1559
B,9,0.0,4,2,4,1560
B,3,0.0,2,0,19,1561
B,5,0.0,3,1,45,1562
B,7,0.0,1,2,24,1563
B,7,83.41,3,1,44,1564
B,3,0.0,1,1,9,1565
B,11,0.0,4,0,7,1566
B,6,0.0,2,2,40,1567
B,2,90.29,1,0,11,1568
B,4,62.09,6,1,26,1569
B,11,0.0,1,1,4,1570
B,6,0.0,3,1,29,1571
B,7,0.0,0,2,17,1572
B,3,0.0,4,0,7,1573
B,8,0.0,1,2,14,1574
B,7,0.0,2,3,25,1575
B,4,0.0,0,0,1,1576
B,5,0.0,4,2,21,1577
B,4,0.0,1,0,16,1578
B,3,0.0,6,0,6,1579
B,10,0.0,3,1,29,1580
B,3,110.54,2,3,8,1581
B,4,0.0,4,0,7,1582
B,4,0.0,1,2,14,1583
B,2,115.5,2,2,24,1584
B,3,0.0,2,0,55,1585
B,5,0.0,1,1,4,1586
B,12,89.09,1,4,11,1587
B,7,0.0,2,1,2,1588
B,5,0.0,1,0,30,1589
B,6,0.0,2,1,13,1590
B,5,0.0,2,2,26,1591
B,9,0.0,2,3,8,1592
B,3,79.63,2,0,39,1593
B,7,0.0,5,1,16,1594
B,6,71.13,7,3,59,1595
B,5,99.22,2,0,2,1596
B,3,0.0,1,1,15,1597
B,8,0.0,3,0,30,1598
B,4,0.0,1,2,19,1599
B,2,0.0,1,1,1,1600
B,6,0.0,2,1,74,1601
B,3,96.01,2,0,8,1602
B,5,0.0,0,1,6,1603
B,8,0.0,1,1,14,1604
B,9,0.0,4,2,17,1605
B,7,0.0,0,2,30,1606
B,6,0.0,3,1,11,1607
B,4,102.55,1,1,12,1608
B,4,73.76,3,2,16,1609
B,10,0.0,1,3,11,1610
B,7,0.0,10,1,51,1611
B,5,0.0,0,2,40,1612
B,2,0.0,0,1,13,1613
B,8,0.0,4,2,1,1614
B,4,0.0,2,0,48,1615
B,6,0.0,3,0,3,1616
B,6,0.0,0,2,6,1617
B,2,0.0,0,1,4,1618
B,4,0.0,1,1,5,1619
B,3,0.0,3,0,34,1620
B,10,0.0,3,3,18,1621
B,5,0.0,4,2,65,1622
B,6,0.0,1,1,6,1623
B,8,0.0,0,1,14,1624
B,2,0.0,2,1,78,1625
B,8,0.0,3,3,36,1626
B,7,109.43,3,0,27,1627
B,4,0.0,2,1,5,1628
B,5,0.0,3,2,31,1629
B,8,0.0,0,2,9,1630
B,11,0.0,1,3,16,1631
B,6,0.0,3,2,20,1632
B,13,0.0,2,2,20,1633
B,2,0.0,4,0,27,1634
B,1,0.0,4,0,23,1635
B,8,74.34,1,0,2,1636
B,4,0.0,2,1,13,1637
B,4,0.0,3,1,23,1638
B,3,0.0,1,0,8,1639
B,5,0.0,3,1,8,1640
B,7,0.0,3,2,3,1641
B,4,0.0,3,0,12,1642
B,4,0.0,2,1,89,1643
B,7,0.0,6,3,7,1644
B,10,0.0,5,2,16,1645
B,5,0.0,2,1,28,1646
B,7,0.0,3,0,1,1647
B,6,139.34,1,0,48,1648
B,6,0.0,5,0,11,1649
B,6,0.0,0,2,42,1650
B,4,0.0,6,1,1,1651
B,6,0.0,2,1,4,1652
B,10,0.0,0,3,8,1653
B,4,0.0,2,0,9,1654
B,4,83.33,2,0,39,1655
B,8,0.0,1,2,1,1656
B,3,59.79,1,0,22,1657
B,4,0.0,2,1,3,1658
B,5,0.0,1,1,36,1659
B,3,0.0,2,0,31,1660
B,2,0.0,3,1,15,1661
B,9,0.0,5,4,5,1662
B,6,0.0,4,2,21,1663
B,6,0.0,0,3,4,1664
B,7,94.77,3,2,5,1665
B,1,0.0,0,0,21,1666
B,7,0.0,6,2,98,1667
B,7,0.0,4,3,46,1668
B,10,0.0,4,3,19,1669
B,6,0.0,4,0,16,1670
B,3,0.0,2,1,132,1671
B,2,0.0,1,1,17,1672
B,7,0.0,1,3,12,1673
B,3,0.0,1,0,50,1674
B,5,0.0,1,1,6,1675
B,1,0.0,0,0,3,1676
B,8,0.0,2,2,21,1677
B,2,0.0,3,0,3,1678
B,6,0.0,2,1,10,1679
B,4,0.0,2,0,12,1680
B,4,0.0,3,0,17,1681
B,3,0.0,3,1,99,1682
B,7,0.0,4,3,6,1683
B,7,102.04,3,0,10,1684
B,7,0.0,4,2,3,1685
B,4,0.0,1,0,20,1686
B,6,0.0,0,0,27,1687
B,6,0.0,4,2,14,1688
B,6,0.0,2,2,6,1689
B,7,0.0,6,3,20,1690
B,10,0.0,1,2,16,1691
B,12,0.0,2,5,4,1692
B,5,0.0,1,0,11,1693
B,7,114.82,1,1,12,1694
B,10,0.0,3,1,84,1695
B,2,0.0,4,1,39,1696
B,4,0.0,4,0,28,1697
B,6,0.0,1,0,46,1698
B,5,0.0,4,1,28,1699
B,4,0.0,0,0,48,1700
B,3,111.09,1,0,2,1701
B,4,110.58,3,0,13,1702
B,3,0.0,3,0,29,1703
B,6,0.0,3,2,18,1704
B,11,0.0,1,3,4,1705
B,3,0.0,5,0,9,1706
B,5,0.0,2,0,8,1707
B,4,0.0,0,2,7,1708
B,6,0.0,2,1,9,1709
B,3,0.0,3,1,15,1710
B,8,0.0,1,2,40,1711
B,2,0.0,3,0,28,1712
B,6,0.0,0,4,37,1713
B,6,99.37,2,2,45,1714
B,7,0.0,4,0,12,1715
B,3,0.0,6,0,9,1716
B,7,0.0,2,1,2,1717
B,4,0.0,4,0,55,1718
B,5,0.0,2,3,2,1719
B,5,0.0,6,2,28,1720
B,5,0.0,5,0,10,1721
B,6,0.0,2,1,61,1722
B,6,65.46,1,2,12,1723
B,5,0.0,4,0,35,1724
B,5,97.15,3,1,7,1725
B,4,102.36,2,1,8,1726
B,5,0.0,2,2,19,1727
B,2,102.96,4,1,128,1728
B,9,0.0,4,3,15,1729
B,4,0.0,6,3,57,1730
B,1,0.0,3,0,32,1731
B,3,123.2,3,2,33,1732
B,6,0.0,3,0,12,1733
B,7,0.0,4,1,11,1734
B,5,0.0,6,0,5,1735
B,3,131.75,4,1,69,1736
B,5,0.0,2,0,66,1737
B,5,0.0,1,2,29,1738
B,4,0.0,1,1,8,1739
B,1,0.0,2,0,6,1740
B,3,0.0,3,1,92,1741
B,4,0.0,4,2,2,1742
B,6,0.0,3,2,39,1743
B,9,0.0,4,0,10,1744
B,4,0.0,2,2,12,1745
B,2,0.0,3,1,37,1746
B,3,0.0,4,0,2,1747
B,7,0.0,1,1,9,1748
B,6,0.0,4,1,63,1749
B,8,0.0,3,3,25,1750
B,5,73.3,5,1,29,1751
B,3,0.0,0,0,30,1752
B,6,0.0,2,3,2,1753
B,4,0.0,0,0,5,1754
B,6,0.0,1,3,14,1755
B,3,0.0,2,0,10,1756
B,8,111.08,7,2,11,1757
B,8,0.0,3,1,32,1758
B,6,0.0,3,3,1,1759
B,6,0.0,3,2,23,1760
B,1,0.0,1,1,1,1761
B,7,0.0,2,2,2,1762
B,2,0.0,1,0,11,1763
B,5,0.0,3,1,38,1764
B,5,0.0,1,1,4,1765
B,4,0.0,3,1,17,1766
B,2,0.0,6,1,24,1767
B,12,0.0,4,2,6,1768
B,8,117.9,2,3,15,1769
B,5,0.0,2,3,50,1770
B,11,0.0,2,1,15,1771
B,10,0.0,1,4,4,1772
B,4,116.18,2,1,21,1773
B,7,0.0,0,2,19,1774
B,5,0.0,3,1,1,1775
B,11,0.0,3,2,2,1776
B,5,0.0,3,0,4,1777
B,7,0.0,4,4,4,1778
B,4,0.0,1,2,7,1779
B,4,0.0,1,0,13,1780
B,1,0.0,1,1,10,1781
B,2,0.0,2,1,46,1782
B,4,0.0,0,2,20,1783
B,3,0.0,0,0,43,1784
B,3,0.0,2,0,16,1785
B,11,0.0,0,3,2,1786
B,9,0.0,2,1,13,1787
B,5,0.0,2,1,36,1788
B,8,0.0,2,2,5,1789
B,3,0.0,1,0,2,1790
B,10,0.0,5,2,9,1791
B,4,0.0,4,3,11,1792
B,7,0.0,1,1,8,1793
B,2,0.0,2,0,3,1794
B,3,0.0,2,1,6,1795
B,6,0.0,5,2,24,1796
B,8,0.0,3,3,10,1797
B,6,0.0,3,2,21,1798
B,4,0.0,1,0,16,1799
B,1,0.0,2,0,17,1800
B,9,0.0,0,3,6,1801
B,5,0.0,2,3,16,1802
B,3,0.0,3,1,1,1803
B,3,0.0,0,0,12,1804
B,3,0.0,4,0,18,1805
B,3,110.93,2,0,5,1806
B,4,0.0,6,2,7,1807
B,4,0.0,3,0,6,1808
B,6,0.0,6,1,2,1809
B,3,0.0,2,0,9,1810
B,6,0.0,1,1,80,1811
B,6,0.0,2,1,9,1812
B,3,0.0,2,1,13,1813
B,6,0.0,4,2,22,1814
B,5,0.0,1,1,22,1815
B,7,0.0,4,2,62,1816
B,5,0.0,3,1,40,1817
B,6,0.0,2,1,33,1818
B,4,0.0,2,1,63,1819
B,8,0.0,4,2,6,1820
B,11,0.0,0,4,20,1821
B,6,0.0,3,2,45,1822
B,3,0.0,6,1,21,1823
B,4,0.0,2,1,78,1824
B,8,0.0,2,2,3,1825
B,6,0.0,1,2,12,1826
B,5,0.0,2,0,78,1827
B,6,0.0,4,1,10,1828
B,4,0.0,1,1,28,1829
B,5,0.0,6,0,1,1830
B,14,0.0,2,3,25,1831
B,4,0.0,2,1,56,1832
B,6,0.0,5,4,10,1833
B,2,0.0,3,1,1,1834
B,5,0.0,1,1,1,1835
B,5,118.99,2,1,46,1836
B,4,0.0,3,0,27,1837
B,3,0.0,0,0,3,1838
B,6,0.0,2,2,2,1839
B,5,0.0,3,0,34,1840
B,8,0.0,3,1,35,1841
B,8,0.0,2,4,3,1842
B,9,0.0,2,3,8,1843
B,3,0.0,0,1,32,1844
B,6,0.0,2,3,16,1845
B,9,0.0,3,3,65,1846
B,3,0.0,4,0,14,1847
B,6,0.0,2,1,24,1848
B,2,0.0,0,0,15,1849
B,5,0.0,0,1,59,1850
B,10,0.0,3,4,11,1851
B,7,0.0,2,2,6,1852
B,6,0.0,1,0,9,1853
B,7,0.0,6,1,40,1854
B,5,0.0,3,0,15,1855
B,5,0.0,3,2,9,1856
B,5,0.0,2,2,17,1857
B,5,0.0,5,1,3,1858
B,2,0.0,6,0,1,1859
B,4,0.0,5,1,7,1860
B,7,89.06,4,2,20,1861
B,7,0.0,2,2,26,1862
B,6,0.0,3,3,36,1863
B,9,0.0,7,5,54,1864
B,9,0.0,7,6,11,1865
B,6,0.0,1,2,28,1866
B,9,0.0,2,4,2,1867
B,10,0.0,3,2,2,1868
B,7,0.0,2,3,3,1869
B,3,0.0,6,2,13,1870
B,7,0.0,2,3,5,1871
B,6,0.0,2,3,7,1872
B,3,0.0,0,0,22,1873
B,9,94.04,4,1,10,1874
B,1,0.0,5,0,17,1875
B,5,95.7,2,2,11,1876
B,2,0.0,2,0,4,1877
B,9,99.84,6,2,2,1878
B,6,0.0,3,2,6,1879
B,1,0.0,2,0,2,1880
B,3,0.0,4,2,20,1881
B,4,0.0,4,1,33,1882
B,4,0.0,0,2,9,1883
B,6,0.0,0,2,11,1884
B,9,0.0,3,3,35,1885
B,5,0.0,2,1,6,1886
B,10,0.0,3,1,3,1887
B,10,0.0,2,5,15,1888
B,6,0.0,4,2,22,1889
B,2,0.0,4,1,19,1890
B,3,0.0,2,1,26,1891
B,12,0.0,6,2,2,1892
B,6,0.0,6,2,12,1893
B,11,0.0,3,1,6,1894
B,4,0.0,3,1,30,1895
B,5,0.0,2,1,43,1896
B,3,0.0,2,1,7,1897
B,3,0.0,0,1,3,1898
B,5,0.0,3,3,6,1899
B,3,0.0,0,1,3,1900
B,8,0.0,6,3,8,1901
B,6,0.0,1,2,16,1902
B,4,0.0,1,1,75,1903
B,3,0.0,2,0,11,1904
B,9,0.0,1,1,6,1905
B,5,0.0,3,1,4,1906
B,3,0.0,0,0,4,1907
B,4,0.0,4,2,5,1908
B,7,0.0,1,2,30,1909
B,5,0.0,1,2,2,1910
B,6,0.0,5,4,123,1911
B,9,0.0,3,1,16,1912
B,4,0.0,4,1,17,1913
B,5,0.0,2,2,10,1914
B,6,0.0,3,1,25,1915
B,7,0.0,2,1,14,1916
B,3,0.0,2,1,9,1917
B,4,0.0,1,3,7,1918
B,5,0.0,6,2,54,1919
B,5,101.1,3,1,8,1920
B,4,0.0,5,1,12,1921
B,1,103.2,1,0,9,1922
B,1,0.0,1,0,2,1923
B,2,0.0,3,0,5,1924
B,7,0.0,0,1,5,1925
B,0,0.0,0,0,25,1926
B,9,0.0,1,3,11,1927
B,5,0.0,3,2,32,1928
B,4,0.0,3,3,26,1929
B,0,0.0,0,0,5,1930
B,6,87.97,1,0,17,1931
B,6,0.0,2,2,28,1932
B,2,0.0,0,2,21,1933
B,3,0.0,2,1,19,1934
B,5,0.0,2,0,28,1935
B,7,0.0,3,3,2,1936
B,5,0.0,2,0,27,1937
B,5,0.0,7,1,7,1938
B,6,0.0,1,1,18,1939
B,4,0.0,7,2,6,1940
B,5,0.0,0,1,38,1941
B,4,0.0,3,2,14,1942
B,8,0.0,5,1,22,1943
B,6,0.0,3,1,33,1944
B,7,0.0,1,4,47,1945
B,6,0.0,1,1,27,1946
B,4,0.0,7,1,4,1947
B,4,0.0,3,1,40,1948
B,3,0.0,2,1,20,1949
B,5,0.0,5,0,20,1950
B,4,0.0,1,1,53,1951
B,10,0.0,2,3,6,1952
B,8,0.0,1,2,6,1953
B,2,0.0,3,0,15,1954
B,3,0.0,2,1,29,1955
B,7,0.0,3,2,13,1956
B,4,0.0,4,0,21,1957
B,6,0.0,3,2,13,1958
B,4,0.0,1,2,20,1959
B,5,0.0,0,0,36,1960
B,5,0.0,2,1,5,1961
B,9,99.71,6,3,25,1962
B,5,0.0,1,0,32,1963
B,4,0.0,2,0,13,1964
B,3,0.0,2,1,9,1965
B,6,0.0,3,2,1,1966
B,4,0.0,2,0,33,1967
B,8,0.0,2,3,9,1968
B,10,0.0,4,3,10,1969
B,8,105.9,5,1,9,1970
B,8,0.0,1,2,15,1971
B,6,0.0,8,4,25,1972
B,2,0.0,0,0,31,1973
B,3,0.0,3,1,11,1974
B,13,0.0,3,4,23,1975
B,5,0.0,2,0,27,1976
B,2,0.0,1,0,8,1977
B,6,0.0,5,0,3,1978
B,6,0.0,2,1,47,1979
B,4,0.0,3,0,24,1980
B,8,0.0,7,3,22,1981
B,10,0.0,0,7,2,1982
B,10,0.0,2,1,35,1983
B,4,0.0,1,1,18,1984
B,3,0.0,3,0,39,1985
B,5,0.0,4,0,76,1986
B,7,0.0,2,1,65,1987
B,5,0.0,2,1,40,1988
B,4,0.0,4,2,1,1989
B,6,0.0,3,1,45,1990
B,5,100.25,2,1,2,1991
B,5,0.0,2,1,40,1992
B,2,0.0,0,0,7,1993
B,8,0.0,3,4,20,1994
B,3,0.0,1,0,1,1995
B,3,0.0,1,2,31,1996
B,3,0.0,2,0,3,1997
B,4,87.08,2,1,11,1998
B,7,0.0,5,6,35,1999
